idvol,idutilisateur,dateVol,iddrone
13,1,2019-12-20 15:37:18,1
14,1,2019-12-20 15:43:24,2
15,1,2019-12-20 15:54:38,1
16,1,2019-12-20 15:57:30,1
17,1,2020-01-14 13:45:57,1
18,1,2020-01-14 13:55:53,1
19,1,2020-01-15 09:22:50,1
20,1,2020-01-15 10:00:10,2
21,1,2020-01-15 11:10:55,2
22,1,2020-01-16 08:34:27,2
23,1,2020-01-16 11:45:16,2
24,1,2020-01-16 12:32:14,2
25,1,2020-11-05 10:45:09,1
26,1,2020-11-05 10:56:57,1
27,1,2020-11-05 12:17:33,1
28,1,2020-11-05 12:23:51,2
29,3,2020-12-16 08:30:13,2
30,3,2020-12-16 08:39:02,2
31,3,2020-12-16 08:52:16,1
32,3,2020-12-16 08:52:54,1
33,3,2020-12-16 08:56:35,2
34,3,2020-12-16 08:59:08,2
35,3,2020-12-16 09:02:28,2
36,3,2020-12-16 09:04:27,2
37,3,2020-12-16 09:24:02,2
38,3,2020-12-16 09:28:36,2
39,3,2020-12-16 09:32:47,2
40,2,2021-01-13 08:36:03,2
41,2,2021-01-13 08:37:19,2
42,2,2021-01-13 08:42:02,2
43,2,2021-01-13 08:42:37,2
44,2,2021-01-13 08:47:57,2
45,2,2021-01-13 08:58:01,2
46,2,2021-01-13 09:02:57,2
47,2,2021-01-13 09:05:41,2
48,2,2021-01-13 09:20:43,2
49,2,2021-01-13 09:25:15,2
50,2,2021-01-13 10:37:34,2
51,2,2021-01-13 10:50:13,2
52,2,2021-01-13 10:57:45,2
53,2,2021-01-13 11:06:55,2
54,2,2021-01-13 11:17:22,2
55,2,2021-01-13 11:30:28,2
56,2,2021-01-27 10:52:22,2
57,2,2021-01-27 11:12:01,2
58,2,2021-01-27 11:44:46,2
59,2,2021-01-27 11:56:35,2
60,2,2021-01-29 14:20:53,2
61,2,2021-01-29 16:35:12,2
62,2,2021-01-29 16:40:16,2
63,2,2021-01-29 16:44:53,2
